path,target
/en-ca/about-us,www.genuinehealth.ca/pages/about-us
/en-ca/customer-support,www.genuinehealth.ca/pages/customer-support
/en-ca/customer-support/shipping-returns,www.genuinehealth.ca/pages/customer-support/shipping-returns
/en-ca/genuine-hub/5-dietary-dos-and-donts-for-joint-pain,www.genuinehealth.ca/blogs/genuine-hub/5-dietary-dos-and-donts-for-joint-pain
/en-ca/genuine-hub/5-gut-loving-foods-to-include-in-your-daily-routine,www.genuinehealth.ca/blogs/genuine-hub/5-gut-loving-foods-to-include-in-your-daily-routine
/en-ca/genuine-hub/5-things-to-look-for-when-buying-a-green-superfood,www.genuinehealth.ca/blogs/genuine-hub/5-things-to-look-for-when-buying-a-green-superfood
/en-ca/genuine-hub/5-things-to-look-for-when-buying-a-vegan-protein,www.genuinehealth.ca/blogs/genuine-hub/5-things-to-look-for-when-buying-a-vegan-protein
/en-ca/genuine-hub/5-things-you-didnt-know-about-greens,www.genuinehealth.ca/blogs/genuine-hub/5-things-you-didnt-know-about-greens
/en-ca/genuine-hub/6-collagen-myths-busted,www.genuinehealth.ca/blogs/genuine-hub/6-collagen-myths-busted
/en-ca/genuine-hub/6-things-to-look-for-when-buying-a-probiotic,www.genuinehealth.ca/blogs/genuine-hub/6-things-to-look-for-when-buying-a-probiotic
/en-ca/genuine-hub/a-gastroenterologists-4-tips-for-gut-brain-health,www.genuinehealth.ca/blogs/genuine-hub/a-gastroenterologists-4-tips-for-gut-brain-health
/en-ca/genuine-hub/a-gastroenterologists-secret-to-balancing-restoring-your-gut-health,www.genuinehealth.ca/blogs/genuine-hub/a-gastroenterologists-secret-to-balancing-restoring-your-gut-health
/en-ca/genuine-hub/a-gastroenterologists-tips-for-nurturing-your-childs-gut-health,www.genuinehealth.ca/blogs/genuine-hub/a-gastroenterologists-tips-for-nurturing-your-childs-gut-health
/en-ca/genuine-hub/are-all-fibre-sources-prebiotic,www.genuinehealth.ca/blogs/genuine-hub/are-all-fibre-sources-prebiotic
/en-ca/genuine-hub/are-probiotics-really-quite-useless,www.genuinehealth.ca/blogs/genuine-hub/are-probiotics-really-quite-useless
/en-ca/genuine-hub/canadian-made-family-owned-operated-the-genuine-health-and-greens-story,www.genuinehealth.ca/blogs/genuine-hub/canadian-made-family-owned-operated-the-genuine-health-and-greens-story
/en-ca/genuine-hub/can-collagen-replace-my-protein-supplement,www.genuinehealth.ca/blogs/genuine-hub/can-collagen-replace-my-protein-supplement
/en-ca/genuine-hub/can-fish-oils-benefit-the-microbiome,www.genuinehealth.ca/blogs/genuine-hub/can-fish-oils-benefit-the-microbiome
/en-ca/genuine-hub/can-probiotics-help-with-food-sensitivities,www.genuinehealth.ca/blogs/genuine-hub/can-probiotics-help-with-food-sensitivities
/en-ca/genuine-hub/enteric-coated-vs-delayed-release-capsules,www.genuinehealth.ca/blogs/genuine-hub/enteric-coated-vs-delayed-release-capsules
/en-ca/genuine-hub/fermentation-101,www.genuinehealth.ca/blogs/genuine-hub/fermentation-101
/en-ca/genuine-hub/fight-fatigue-avoid-energy-killers,www.genuinehealth.ca/blogs/genuine-hub/fight-fatigue-avoid-energy-killers
/en-ca/genuine-hub/greens-bone-builder-more-than-just-calcium,www.genuinehealth.ca/blogs/genuine-hub/greens-bone-builder-more-than-just-calcium
/en-ca/genuine-hub/green-your-gut-how-phytonutrients-nourish-your-gut-ecology,www.genuinehealth.ca/blogs/genuine-hub/green-your-gut-how-phytonutrients-nourish-your-gut-ecology
/en-ca/genuine-hub/how-a-womans-microbiome-changes-during-pregnancy,www.genuinehealth.ca/blogs/genuine-hub/how-a-womans-microbiome-changes-during-pregnancy
/en-ca/genuine-hub/how-do-i-choose-the-right-greens-for-me,www.genuinehealth.ca/blogs/genuine-hub/how-do-i-choose-the-right-greens-for-me
/en-ca/genuine-hub/how-to-choose-probiotic-supplements,www.genuinehealth.ca/blogs/genuine-hub/how-to-choose-probiotic-supplements
/en-ca/genuine-hub/how-to-intermittent-fast,www.genuinehealth.ca/blogs/genuine-hub/how-to-intermittent-fast
/en-ca/genuine-hub/i-eat-fish-do-i-still-need-to-take-a-fish-oil-supplement,www.genuinehealth.ca/blogs/genuine-hub/i-eat-fish-do-i-still-need-to-take-a-fish-oil-supplement
/en-ca/genuine-hub/i-eat-yogurt-do-i-need-to-take-probiotic,www.genuinehealth.ca/blogs/genuine-hub/i-eat-yogurt-do-i-need-to-take-probiotic
/en-ca/genuine-hub/is-epa-or-dha-more-important-for-kids,www.genuinehealth.ca/blogs/genuine-hub/is-epa-or-dha-more-important-for-kids
/en-ca/genuine-hub/is-turmeric-enough-for-joint-pain,www.genuinehealth.ca/blogs/genuine-hub/is-turmeric-enough-for-joint-pain
/en-ca/genuine-hub/is-whey-protein-really-the-best,www.genuinehealth.ca/blogs/genuine-hub/is-whey-protein-really-the-best
/en-ca/genuine-hub/kicking-coffee-with-the-help-of-greens,www.genuinehealth.ca/blogs/genuine-hub/kicking-coffee-with-the-help-of-greens
/en-ca/genuine-hub/make-standardized-extracts-your-standard,www.genuinehealth.ca/blogs/genuine-hub/make-standardized-extracts-your-standard
/en-ca/genuine-hub/more-balanced-the-story-of-protein-combining,www.genuinehealth.ca/blogs/genuine-hub/more-balanced-the-story-of-protein-combining
/en-ca/genuine-hub/natural-eggshell-membrane-vs-biovaflex,www.genuinehealth.ca/blogs/genuine-hub/natural-eggshell-membrane-vs-biovaflex
/en-ca/genuine-hub/product-monograph-omega-3s-for-mood-support-clinically-proven,www.genuinehealth.ca/blogs/genuine-hub/product-monograph-omega-3s-for-mood-support-clinically-proven
/en-ca/genuine-hub/recipes/blueberry-banana-muffins-with-collagen,www.genuinehealth.ca/blogs/genuine-hub/recipes/blueberry-banana-muffins-with-collagen
/en-ca/genuine-hub/resident-strains-vs-transient-strains,www.genuinehealth.ca/blogs/genuine-hub/resident-strains-vs-transient-strains
/en-ca/genuine-hub/secret-superpower-avocado,www.genuinehealth.ca/blogs/genuine-hub/secret-superpower-avocado
/en-ca/genuine-hub/supplements-that-are-safe-to-take-during-pregnancy,www.genuinehealth.ca/blogs/genuine-hub/supplements-that-are-safe-to-take-during-pregnancy
/en-ca/genuine-hub/the-acid-alkaline-balance,www.genuinehealth.ca/blogs/genuine-hub/the-acid-alkaline-balance
/en-ca/genuine-hub/the-gut-allergy-connection,www.genuinehealth.ca/blogs/genuine-hub/the-gut-allergy-connection
/en-ca/genuine-hub/the-science-behind-how-collagen-works,www.genuinehealth.ca/blogs/genuine-hub/the-science-behind-how-collagen-works
/en-ca/genuine-hub/the-ultimate-guide-to-protein,www.genuinehealth.ca/blogs/genuine-hub/the-ultimate-guide-to-protein
/en-ca/genuine-hub/using-probiotics-for-celiac-disease,www.genuinehealth.ca/blogs/genuine-hub/using-probiotics-for-celiac-disease
/en-ca/genuine-hub/what-are-lectins-should-i-avoid-foods-containing-them,www.genuinehealth.ca/blogs/genuine-hub/what-are-lectins-should-i-avoid-foods-containing-them
/en-ca/genuine-hub/what-is-a-b-corp,www.genuinehealth.ca/blogs/genuine-hub/what-is-a-b-corp
/en-ca/genuine-hub/whats-the-difference-between-greens-and-fermented-organic-gut-superfoods,www.genuinehealth.ca/blogs/genuine-hub/whats-the-difference-between-greens-and-fermented-organic-gut-superfoods
/en-ca/genuine-hub/why-arent-all-greens-formulas-considered-gluten-free,www.genuinehealth.ca/blogs/genuine-hub/why-arent-all-greens-formulas-considered-gluten-free
/en-ca/genuine-hub/why-gut-health-matters,www.genuinehealth.ca/blogs/genuine-hub/why-gut-health-matters
/en-ca/genuine-hub/why-we-made-clean-collagen,www.genuinehealth.ca/blogs/genuine-hub/why-we-made-clean-collagen
/en-ca/genuine-hub/women-we-admire-zehra-allibhai,www.genuinehealth.ca/blogs/genuine-hub/women-we-admire-zehra-allibhai
/en-ca/genuine-hub/your-top-collagen-questions-answered,www.genuinehealth.ca/blogs/genuine-hub/your-top-collagen-questions-answered
/en-ca/heavy-metal-testing,www.genuinehealth.ca/pages/heavy-metal-testing
/en-ca/omega3-quality-testing,www.genuinehealth.ca/pages/omega3-quality-testing
/en-ca/where-to-buy,www.genuinehealth.ca/pages/where-to-buy
/en-ca/products/collagen,www.genuinehealth.com/collections/collagen
/en-ca/products/fermented-proteins,www.genuinehealth.com/collections/fermented-proteins
/en-ca/products/green-foods,www.genuinehealth.com/collections/green-foods
/en-ca/products/gut-health-probiotics,www.genuinehealth.com/collections/gut-health-probiotics
/en-ca/products/gut-health-superfoods,www.genuinehealth.com/collections/gut-health-superfoods
/en-ca/products/kids-nutrition,www.genuinehealth.com/collections/kids-nutrition
/en-ca/products/new-probiotics,www.genuinehealth.com/collections/new-probiotics
/en-ca/products/omegas,www.genuinehealth.com/collections/omegas
/en-ca/products/pain-relief,www.genuinehealth.com/collections/pain-relief
/en-ca/products/skin-care,www.genuinehealth.com/collections/skin-care