Link,Status Code
www.genuinehealth.ca/pages/about-us,200
www.genuinehealth.ca/pages/customer-support,404
www.genuinehealth.ca/pages/customer-support/shipping-returns,404
www.genuinehealth.ca/blogs/genuine-hub/5-dietary-dos-and-donts-for-joint-pain,200
www.genuinehealth.ca/blogs/genuine-hub/5-gut-loving-foods-to-include-in-your-daily-routine,200
www.genuinehealth.ca/blogs/genuine-hub/5-things-to-look-for-when-buying-a-green-superfood,200
www.genuinehealth.ca/blogs/genuine-hub/5-things-to-look-for-when-buying-a-vegan-protein,200
www.genuinehealth.ca/blogs/genuine-hub/5-things-you-didnt-know-about-greens,200
www.genuinehealth.ca/blogs/genuine-hub/6-collagen-myths-busted,200
www.genuinehealth.ca/blogs/genuine-hub/6-things-to-look-for-when-buying-a-probiotic,200
www.genuinehealth.ca/blogs/genuine-hub/a-gastroenterologists-4-tips-for-gut-brain-health,200
www.genuinehealth.ca/blogs/genuine-hub/a-gastroenterologists-secret-to-balancing-restoring-your-gut-health,200
www.genuinehealth.ca/blogs/genuine-hub/a-gastroenterologists-tips-for-nurturing-your-childs-gut-health,200
www.genuinehealth.ca/blogs/genuine-hub/are-all-fibre-sources-prebiotic,200
www.genuinehealth.ca/blogs/genuine-hub/are-probiotics-really-quite-useless,200
www.genuinehealth.ca/blogs/genuine-hub/canadian-made-family-owned-operated-the-genuine-health-and-greens-story,200
www.genuinehealth.ca/blogs/genuine-hub/can-collagen-replace-my-protein-supplement,200
www.genuinehealth.ca/blogs/genuine-hub/can-fish-oils-benefit-the-microbiome,200
www.genuinehealth.ca/blogs/genuine-hub/can-probiotics-help-with-food-sensitivities,404
www.genuinehealth.ca/blogs/genuine-hub/enteric-coated-vs-delayed-release-capsules,200
www.genuinehealth.ca/blogs/genuine-hub/fermentation-101,200
www.genuinehealth.ca/blogs/genuine-hub/fight-fatigue-avoid-energy-killers,200
www.genuinehealth.ca/blogs/genuine-hub/greens-bone-builder-more-than-just-calcium,200
www.genuinehealth.ca/blogs/genuine-hub/green-your-gut-how-phytonutrients-nourish-your-gut-ecology,200
www.genuinehealth.ca/blogs/genuine-hub/how-a-womans-microbiome-changes-during-pregnancy,200
www.genuinehealth.ca/blogs/genuine-hub/how-do-i-choose-the-right-greens-for-me,200
www.genuinehealth.ca/blogs/genuine-hub/how-to-choose-probiotic-supplements,200
www.genuinehealth.ca/blogs/genuine-hub/how-to-intermittent-fast,200
www.genuinehealth.ca/blogs/genuine-hub/i-eat-fish-do-i-still-need-to-take-a-fish-oil-supplement,200
www.genuinehealth.ca/blogs/genuine-hub/i-eat-yogurt-do-i-need-to-take-probiotic,200
www.genuinehealth.ca/blogs/genuine-hub/is-epa-or-dha-more-important-for-kids,200
www.genuinehealth.ca/blogs/genuine-hub/is-turmeric-enough-for-joint-pain,200
www.genuinehealth.ca/blogs/genuine-hub/is-whey-protein-really-the-best,200
www.genuinehealth.ca/blogs/genuine-hub/kicking-coffee-with-the-help-of-greens,200
www.genuinehealth.ca/blogs/genuine-hub/make-standardized-extracts-your-standard,200
www.genuinehealth.ca/blogs/genuine-hub/more-balanced-the-story-of-protein-combining,200
www.genuinehealth.ca/blogs/genuine-hub/natural-eggshell-membrane-vs-biovaflex,200
www.genuinehealth.ca/blogs/genuine-hub/product-monograph-omega-3s-for-mood-support-clinically-proven,200
www.genuinehealth.ca/blogs/genuine-hub/recipes/blueberry-banana-muffins-with-collagen,404
www.genuinehealth.ca/blogs/genuine-hub/resident-strains-vs-transient-strains,200
www.genuinehealth.ca/blogs/genuine-hub/secret-superpower-avocado,200
www.genuinehealth.ca/blogs/genuine-hub/supplements-that-are-safe-to-take-during-pregnancy,404
www.genuinehealth.ca/blogs/genuine-hub/the-acid-alkaline-balance,200
www.genuinehealth.ca/blogs/genuine-hub/the-gut-allergy-connection,200
www.genuinehealth.ca/blogs/genuine-hub/the-science-behind-how-collagen-works,200
www.genuinehealth.ca/blogs/genuine-hub/the-ultimate-guide-to-protein,200
www.genuinehealth.ca/blogs/genuine-hub/using-probiotics-for-celiac-disease,200
www.genuinehealth.ca/blogs/genuine-hub/what-are-lectins-should-i-avoid-foods-containing-them,200
www.genuinehealth.ca/blogs/genuine-hub/what-is-a-b-corp,200
www.genuinehealth.ca/blogs/genuine-hub/whats-the-difference-between-greens-and-fermented-organic-gut-superfoods,200
www.genuinehealth.ca/blogs/genuine-hub/why-arent-all-greens-formulas-considered-gluten-free,200
www.genuinehealth.ca/blogs/genuine-hub/why-gut-health-matters,200
www.genuinehealth.ca/blogs/genuine-hub/why-we-made-clean-collagen,200
www.genuinehealth.ca/blogs/genuine-hub/women-we-admire-zehra-allibhai,200
www.genuinehealth.ca/blogs/genuine-hub/your-top-collagen-questions-answered,200
www.genuinehealth.ca/pages/heavy-metal-testing,404
www.genuinehealth.ca/pages/omega3-quality-testing,404
www.genuinehealth.ca/pages/where-to-buy,404
www.genuinehealth.com/collections/collagen,200
www.genuinehealth.com/collections/fermented-proteins,200
www.genuinehealth.com/collections/green-foods,200
www.genuinehealth.com/collections/gut-health-probiotics,200
www.genuinehealth.com/collections/gut-health-superfoods,404
www.genuinehealth.com/collections/kids-nutrition,200
www.genuinehealth.com/collections/new-probiotics,404
www.genuinehealth.com/collections/omegas,404
www.genuinehealth.com/collections/pain-relief,200
www.genuinehealth.com/collections/skin-care,200
